Column1;City;State;Median Age;Male Population;Female Population;Total Population;Foreign-born;Average Household Size;State Code;CO;NO2;O3;SO2;PM2.5;PM10
0;Newark;New Jersey;346;1380400;1438730;281913;862530;273;NJ;39053;5621;2396;1025;616;881
1;Peoria;Illinois;331;562290;624320;118661;75170;24;IL;27371;1371;4041;19;29;34
2;O'Fallon;Missouri;360;417620;432700;85032;32690;277;MO;26035;763;5722;24;212;263
3;Hampton;Virginia;355;662140;702400;136454;62040;248;VA;35381;2536;7653;182;656;812
4;Lakewood;Colorado;377;760130;765760;152589;141690;229;CO;3438;281;8011;301;796;1007
5;Mesa;Arizona;369;2349980;2368350;471833;574920;268;AZ;23699;531;15307;322;1123;1955
6;Bryan;Texas;294;417610;403450;82106;120140;255;TX;2203;296;9728;67;334;575
7;Garland;Texas;345;1164060;1204300;236836;629750;312;TX;60082;4455;1001;113;616;836
8;Springfield;Illinois;388;556390;621700;117809;42640;222;IL;22697;446;5436;34;181;208
9;Flint;Michigan;353;489840;493130;98297;21380;238;MI;25034;514;3254;25;213;224
10;Tacoma;Washington;377;1009140;1070360;207950;318630;248;WA;25368;36;6151;79;299;391
11;Waterbury;Connecticut;362;522350;565720;108807;199670;271;CT;25034;831;5722;81;25;292
12;Eagan;Minnesota;368;315870;347010;66288;86420;249;MN;3438;305;4077;337;589;735
13;Fort Smith;Arkansas;349;433460;448490;88195;131770;244;AR;23365;518;6867;154;351;479
14;Carmichael;California;410;292810;339340;63215;73780;239;CA;32377;309;2682;119;133;314
15;Daly City;California;397;538170;527570;106574;566400;326;CA;23031;139;8798;101;532;1263
17;Murrieta;California;353;493630;604530;109816;198750;33;CA;35381;651;25749;1133;4267;4833
18;Brentwood;New York;342;313950;323970;63792;270580;498;NY;26035;1054;12016;59;1089;1486
19;Quincy;Massachusetts;410;441290;495000;93629;329350;239;MA;32377;2639;4041;343;447;763
20;Boulder;Colorado;290;563420;510000;107342;129930;224;CO;17357;98;8941;57;191;225
22;Evanston;Illinois;368;341460;413770;75523;150030;229;IL;34046;3804;329;95;401;587
23;Dothan;Alabama;389;321720;353640;67536;16990;259;AL;2203;111;844;57;401;488
24;Antioch;California;340;547330;558090;110542;249420;331;CA;22697;467;8726;55;199;225
25;Madison;Wisconsin;307;1225960;1263600;248956;300900;223;WI;26703;1388;2432;7;18;234
26;Victorville;California;306;609890;612470;122236;219590;347;CA;20027;47;7868;14;311;55
27;Billings;Montana;363;527050;575650;110270;32060;24;MT;20862;488;658;39;21;454
28;Sandy Springs;Georgia;354;485700;567770;105347;198370;24;GA;23699;634;6938;465;359;425
29;Iowa City;Iowa;255;370890;371380;74227;92020;236;IA;27037;968;3827;7;279;341
30;Largo;Florida;451;381660;428410;81007;104890;228;FL;20361;86;9084;29;208;499
31;Shreveport;Louisiana;352;931380;1038560;196994;56580;253;LA;23699;574;9441;124;573;859
32;Kalamazoo;Michigan;264;371750;388650;76040;34820;236;MI;21362;343;5364;212;7;93
33;Round Rock;Texas;349;566460;591930;115839;182370;313;TX;2470;703;6223;3;372;625
34;Richmond;California;353;526150;571000;109715;422150;287;CA;29039;951;4578;49;583;609
35;Columbia;Missouri;268;565440;625540;119098;107290;237;MO;24033;266;608;95;439;463
36;Sandy;Utah;346;469230;466890;93612;66910;322;UT;25368;934;12732;423;163;2241
37;Hoover;Alabama;385;380400;467990;84839;82290;258;AL;22697;236;8726;113;424;459
38;Fullerton;California;345;695490;713000;140849;434040;2,97E+15;CA;51403;5209;19455;2098;3815;4568
40;Rapid City;South Dakota;395;361220;374460;73568;23750;231;SD;17858;182;6151;32;134;308
41;Newport Beach;California;468;431610;439700;87131;153180;24;CA;31376;2399;13876;1347;1479;1929
42;Columbus;Georgia;337;987850;1017940;200579;103760;262;GA;26035;882;397;11;191;20
43;Palm Coast;Florida;488;394890;426320;82121;90840;276;FL;21029;114;8583;41;241;322
44;Albany;Georgia;333;316950;394140;71109;8610;238;GA;28372;1491;447;124;404;45
45;Jurupa Valley;California;338;494300;508840;100314;253380;387;CA;46063;1508;3233;1931;612;6782
46;Providence;Rhode Island;299;890900;901140;179204;535320;2,72E+15;RI;26703;1268;5508;159;33;539
47;Decatur;Illinois;404;346460;382100;72856;12240;223;IL;22697;39;8154;224;23;258
48;Scranton;Pennsylvania;385;379750;391370;77112;80690;239;PA;27037;1405;5722;20;253;294
49;Anaheim;California;336;1796030;1711350;350738;1371330;345;CA;51403;5209;19455;2098;3815;4568
50;Rochester;New York;314;1001350;1096730;209808;177350;236;NY;34714;2296;2861;69;888;1031
51;Buffalo;New York;331;1245370;1335290;258066;246300;227;NY;36717;2571;1824;197;545;639
52;Richmond;Virginia;336;1047930;1154960;220289;157410;229;VA;29039;951;4578;49;583;609
53;Santa Ana;California;308;1675030;1679200;335423;1529990;458;CA;31376;2399;13876;1347;1479;1929
54;Sunnyvale;California;357;794800;722800;151760;714410;274;CA;22697;279;10157;127;767;1228
55;Augusta-Richmond County consolidated government;Georgia;337;946620;1019170;196579;79150;267;GA;;;;;;
56;Milwaukee;Wisconsin;316;2863150;3138390;600154;583210;251;WI;28706;1971;3898;41;21;294
57;Conroe;Texas;315;349070;336850;68592;138390;265;TX;25034;583;5722;55;482;676
58;Savannah;Georgia;303;693890;762950;145684;103550;2,57E+16;GA;22364;24;6008;36;325;354
59;German;Maryland;349;411150;430070;84122;278770;295;MD;19693;67;8583;632;1655;4886
60;Costa Mesa;California;348;590970;540890;113186;266450;259;CA;31376;2399;13876;1347;1479;1929
61;New Haven;Connecticut;299;637650;665450;130310;258710;248;CT;25034;763;5937;78;231;289
62;Westland;Michigan;399;377420;442530;81995;64290;241;MI;26369;51;3934;4;318;331
63;Waldorf;Maryland;336;356400;398720;75512;59540;269;MD;21696;548;2861;61;113;154
64;Cedar Rapids;Iowa;362;631090;672960;130405;54040;232;IA;24033;471;5579;1;309;346
65;Troy;Michigan;433;423710;409050;83276;210040;259;MI;28372;1491;447;124;404;45
66;Kirkland;Washington;408;421590;451080;87267;185700;23;WA;29373;1285;4113;31;428;61
67;Santa Barbara;California;378;450680;467840;91852;194410;251;CA;20695;36;8798;8;375;408
68;Lake Forest;California;403;415150;409820;82497;207840;276;CA;26703;1628;4792;62;257;37
69;Chino;California;365;509890;346100;85599;186660;362;CA;4673;1628;3233;1884;7091;7783
70;Tucson;Arizona;336;2648930;2667810;531674;822200;245;AZ;20361;115;11873;69;627;1614
71;Boise;Idaho;349;1100990;1081810;218280;134090;261;ID;22697;249;9298;43;743;2192
72;Joliet;Illinois;331;708630;791620;150025;224090;313;IL;25702;102;5293;47;247;345
73;Metairie;Louisiana;416;695150;769430;146458;198710;239;LA;28372;1594;13161;811;1019;1179
74;Moreno Valley;California;307;985840;1055970;204181;544420;39;CA;4673;1088;34332;1502;6989;7593
75;Elizabeth;New Jersey;342;658960;631160;129012;634130;318;NJ;32377;3496;4005;614;433;615
76;Wyoming;Michigan;328;359670;393100;75277;86120;265;MI;21362;268;6151;53;5;62
77;Norman;Oklahoma;309;594830;608140;120297;87050;247;OK;47398;4113;3648;116;644;771
78;Frisco;Texas;372;739890;803990;154388;309130;305;TX;28038;1217;6294;45;39;579
79;Waterloo;Iowa;372;344880;339690;68457;50820;242;IA;2470;583;6652;37;444;475
80;Oakland;California;357;2038270;2154510;419278;1138960;256;CA;2470;501;8869;209;507;1053
81;Jonesboro;Arkansas;326;356660;382400;73906;32220;244;AR;24033;411;5364;29;369;399
82;Springfield;Missouri;341;810570;857410;166798;77650;212;MO;22697;446;5436;34;181;208
83;Mission;Texas;329;405300;427770;83307;226080;351;TX;22697;134;8869;52;793;962
84;Midland;Texas;321;665950;663550;132950;170610;278;TX;2203;60;7653;25;332;598
85;Lansing;Michigan;314;543330;597770;114110;83710;239;MI;20695;30;3541;28;57;64
86;Springdale;Arkansas;318;368400;436140;80454;199690;304;AR;26703;908;4792;107;429;832
87;Bay;Texas;329;379770;375080;75485;131920;259;TX;22697;212;5508;3;5;52
88;Apple Valley;California;343;328730;393120;72185;58010;303;CA;25034;694;6437;95;375;481
89;Brockton;Massachusetts;352;462730;490410;95314;273130;288;MA;26369;1131;5436;155;317;608
90;Poinciana;Florida;342;381420;358010;73943;143490;393;FL;21362;313;9441;61;304;448
91;Davis;California;263;334930;341630;67656;139970;269;CA;22364;186;13304;3;1024;121
92;Springfield;Massachusetts;318;747440;795920;154336;162260;281;MA;22697;446;5436;34;181;208
94;Saint Louis;Missouri;350;1530260;1626590;315685;218020;216;MO;31376;2005;3684;53;337;476
95;Lehigh Acres;Florida;343;578560;616240;119480;318800;355;FL;22697;229;9441;31;518;773
96;Henderson;Nevada;425;1394120;1462460;285658;356660;255;NV;20194;711;12159;185;755;1941
97;Frederick;Maryland;361;331460;363360;69482;142110;248;MD;29707;1148;2539;6;632;694
98;Vacaville;California;358;500910;467030;96794;105770;29;CA;22697;176;12159;48;955;1233
101;Laredo;Texas;288;1243050;1314840;255789;684270;366;TX;58079;2262;5007;131;1115;1385
103;El Cajon;California;327;544500;492380;103688;318650;314;CA;38052;1028;25749;1073;5052;5892
104;Lorain;Ohio;356;308440;328070;63651;15310;252;OH;27704;120;397;465;454;48
105;Johns Creek;Georgia;390;402820;430570;83339;290000;319;GA;23031;189;6652;79;278;327
106;Cicero;Illinois;285;431530;407140;83867;338010;389;IL;40722;5072;1484;221;551;772
107;Rio Rancho;New Mexico;383;472510;469040;94155;52000;286;NM;16356;42;7796;41;34;1379
108;Atlanta;Georgia;338;2239600;2399150;463875;320160;215;GA;25034;763;7796;483;513;578
110;Concord;California;396;623100;663580;128668;374280;2,72E+15;CA;2470;737;5078;119;279;342
111;Marysville;Washington;332;334360;333370;66773;77210;279;WA;32044;1542;3254;507;639;719
112;South San Francisco;California;394;341770;330940;67271;275280;333;CA;23031;139;8798;101;532;1263
113;Portsmouth;Virginia;336;459000;503010;96201;18150;254;VA;23031;1422;2092;554;242;289
114;Norwalk;California;350;531250;540200;107145;393960;388;CA;25368;908;6008;11;274;337
115;Alhambra;California;410;421840;433880;85572;444410;289;CA;34714;2228;17023;894;2468;2908
116;Carson;California;404;437900;495060;93296;338600;37;CA;32044;1679;1502;417;1664;2105
117;Everett;Washington;370;562120;518000;108012;194990;236;WA;26703;60;5651;212;387;505
118;Citrus Heights;California;378;419820;450710;87053;94660;249;CA;28372;506;16737;20;2373;276
120;North Little Rock;Arkansas;336;316710;348350;66506;27870;262;AR;33379;2074;4935;10;522;687
121;Atascocita;Texas;328;374240;408160;78240;86570;303;TX;3438;2845;9441;307;909;1178
122;Erie;Pennsylvania;353;486180;508520;99470;62750;231;PA;26369;651;4792;259;493;516
123;Fresno;California;300;2561300;2639420;520072;1034530;312;CA;28372;686;15163;265;2029;251
124;Jacksonville;Florida;357;4192030;4488280;868031;856500;262;FL;20695;165;7939;19;141;173
125;High Point;North Carolina;355;517510;580770;109828;163150;265;NC;27704;745;4721;69;581;613
126;Pearland;Texas;339;523360;593290;111665;168820;30;TX;3171;1902;9012;459;708;952
127;Brownsville;Texas;306;876890;961990;183888;533010;348;TX;2470;557;12016;361;998;1201
128;Denton;Texas;287;624780;685690;131047;184510;266;TX;24033;90;4256;38;245;33
130;San Bernardino;California;285;1086710;1074660;216137;551350;355;CA;40054;771;30041;1097;6244;6851
131;Mesquite;Texas;346;692400;758840;145124;267550;296;TX;52071;4593;2325;159;637;1018
132;Sioux Falls;South Dakota;346;865960;849340;171530;129340;238;SD;21029;212;7153;39;285;473
133;Charleston;South Carolina;350;639560;715680;135524;57670;24;SC;23031;279;6509;46;396;408
134;Redwood City;California;371;426760;426240;85300;276520;264;CA;22697;257;8655;106;53;1151
135;Paradise;Nevada;372;1227840;1141620;236946;667120;265;NV;25368;1594;1359;519;1181;2657
136;Upland;California;397;362260;402210;76447;165520;277;CA;4673;1628;3233;1884;7091;7783
137;Paterson;New Jersey;340;706400;771170;147757;498100;337;NJ;40054;6238;2325;1013;746;946
138;Pasco;Washington;286;352980;327990;68097;162650;345;WA;29039;518;4935;44;635;958
139;Lubbock;Texas;292;1223200;1267310;249051;142260;261;TX;21696;527;8225;3;424;801
141;Schenectady;New York;367;323980;329010;65299;109610;2,82E+16;NY;27371;1268;3827;76;422;463
142;Worcester;Massachusetts;349;909510;938550;184806;369070;243;MA;25368;102;5293;72;239;313
143;Cedar Park;Texas;344;312480;335890;64837;52070;305;TX;20695;296;5007;23;323;55
144;Pembroke Pines;Florida;403;770500;895740;166624;622100;294;FL;21696;214;9155;28;444;701
145;West Covina;California;398;516290;568600;108489;370380;356;CA;48733;2913;31757;1836;6391;7223
146;Edmond;Oklahoma;325;451910;448990;90090;55850;268;OK;23699;476;515;7;192;31
147;Columbia;Maryland;379;522020;512650;103467;232490;268;MD;24033;266;608;95;439;463
148;Raleigh;North Carolina;328;2191840;2327650;451949;651250;242;NC;26035;591;4435;77;637;682
149;Compton;California;301;492640;491840;98448;306600;408;CA;32044;1679;1502;417;1664;2105
151;Amarillo;Texas;338;993910;1002600;199651;211240;264;TX;19193;161;8154;36;356;674
152;Chesapeake;Virginia;367;1149640;1204650;235429;139660;273;VA;25702;805;4542;62;679;844
153;Glendale;Arizona;344;1167950;1233190;240114;441330;289;AZ;2470;634;10729;215;633;735
154;Corona;California;371;797490;844930;164242;421310;2,97E+15;CA;46063;1508;3233;1931;612;6782
155;Broken Arrow;Oklahoma;368;521360;554590;107595;68450;277;OK;47398;4387;3254;103;686;872
156;Fort Lauderdale;Florida;428;939480;846390;178587;475820;238;FL;29373;2262;6008;157;487;821
157;Fayetteville;North Carolina;307;1010510;1009140;201965;128630;25;NC;26703;908;4792;107;429;832
158;Hartford;Connecticut;310;580420;659720;124014;284670;259;CT;27704;1182;4721;97;288;363
159;Athens-Clarke County unified government;Georgia;265;574150;651480;122563;128680;244;GA;22364;238;6223;55;219;292
160;Warwick;Rhode Island;426;392890;424090;81698;53180;24;RI;30708;1525;0;337;746;807
161;Charlotte;North Carolina;343;3966460;4304750;827121;1288970;252;NC;27037;446;4506;62;695;751
162;Jersey City;New Jersey;343;1317650;1325120;264277;1091860;2,57E+16;NJ;39053;5621;2396;1025;616;881
163;Westminster;Colorado;378;548660;582510;113117;113610;263;CO;26035;305;53;823;525;592
164;Long Beach;California;346;2381590;2360130;474172;1277640;278;CA;27704;120;12875;697;1289;1718
165;Coral Springs;Florida;372;633160;661860;129502;385520;317;FL;21696;93;9298;23;495;786
167;Spokane Valley;Washington;360;499330;449750;94908;41990;239;WA;24033;458;7796;113;524;878
168;Mayagüez;Puerto Rico;381;307990;357820;66581;;;PR;26369;38;1431;28;12;155
169;San Diego;California;345;6938260;7010810;1394907;3738420;273;CA;25702;497;14162;313;181;241
172;Chandler;Arizona;356;1288850;1319480;260833;387210;278;AZ;24366;703;15593;316;1112;1951
173;Pine Hills;Florida;292;353440;407370;76081;207350;33;FL;21029;212;8869;29;293;443
174;Tulsa;Oklahoma;350;1974370;2056540;403091;437510;237;OK;4406;3804;279;244;565;681
175;Hawthorne;California;337;436820;447620;88444;321070;2,97E+15;CA;32044;1679;1502;417;1664;2105
176;Portland;Oregon;367;3135160;3186710;632187;860410;243;OR;27037;934;5007;328;526;656
177;Tampa;Florida;353;1755170;1935110;369028;587950;247;FL;21362;236;8869;6;264;533
180;Arlington;Virginia;344;1139810;1151830;229164;552050;219;VA;42057;3324;4435;162;511;754
181;Sunrise Manor;Nevada;325;935050;991030;192608;565300;325;NV;25368;1594;1359;519;1181;2657
182;Longmont;Colorado;368;439410;482800;92221;104240;263;CO;25702;874;9441;167;681;763
183;Macon;Georgia;360;718330;816260;153459;48460;246;GA;2470;309;7296;215;518;564
184;Arden-Arcade;California;415;475960;486800;96276;134580;218;CA;25702;626;1502;212;1558;1784
185;Redlands;California;362;339930;370350;71028;86810;2,82E+16;CA;39721;985;26321;954;5602;6319
186;Anchorage;Alaska;322;1529450;1457500;298695;332580;277;AK;26035;16;608;2;5;109
187;Missoula;Montana;347;350020;360220;71024;27710;215;MT;22364;471;4578;8;547;95
188;Mobile;Alabama;380;912750;1030300;194305;72340;24;AL;23031;291;8369;97;422;518
190;Newton;Massachusetts;423;419850;468240;88809;216920;271;MA;29373;1885;4149;241;392;774
191;Baton Rouge;Louisiana;312;1114920;1171040;228596;122680;252;LA;27037;1114;751;224;711;838
192;Cincinnati;Ohio;327;1436540;1548830;298537;168960;208;OH;25702;1097;4935;387;266;295
193;Longview;Texas;368;400650;415250;81590;87820;255;TX;2470;557;10729;668;917;1235
194;Santa Rosa;California;379;868400;881490;174989;330150;27;CA;22697;171;11158;54;993;1269
195;Fairfield;California;347;555500;574220;112972;245030;314;CA;22364;135;11301;39;941;1246
196;Centennial;Colorado;424;532220;565040;109726;95010;266;CO;38052;401;8512;703;841;996
197;Fremont;California;383;1143830;1178080;232191;1094270;312;CA;26369;1037;10872;346;1016;1543
198;New Braunfels;Texas;370;330710;368520;69923;54050;285;TX;23031;488;7439;31;254;453
199;Elk Grove;California;361;800570;868330;166890;386930;334;CA;25702;626;1502;212;1558;1784
200;Norfolk;Virginia;302;1289170;1174760;246393;167020;251;VA;40388;3907;3326;189;84;109
201;Pompano Beach;Florida;425;565690;512020;107771;327330;255;FL;23699;865;7582;52;60;971
202;Redondo Beach;California;430;348550;333300;68185;135360;234;CA;32044;1679;1502;417;1664;2105
203;Jackson;Mississippi;317;790390;917720;170811;17890;265;MS;23031;446;9084;159;441;573
204;Saint Petersburg;Florida;418;1235240;1335640;257088;285670;242;FL;32377;1885;4399;2027;116;194
205;Casas Adobes;Arizona;448;308900;343750;65265;70240;224;AZ;20361;115;11873;69;627;1614
206;Gilbert;Arizona;332;1167110;1308120;247523;245310;32;AZ;22697;566;14162;265;867;1656
207;Fargo;North Dakota;307;605600;586900;119250;94280;218;ND;22364;178;701;51;238;319
208;Kansas City;Missouri;359;2284300;2469310;475361;377870;235;MO;41723;4044;3541;531;795;984
209;Berkeley;California;325;601420;608290;120971;250000;235;CA;2470;501;8869;209;507;1053
210;Santa Clara;California;352;632780;629380;126216;522810;275;CA;3171;1251;15307;453;2279;2794
211;Kansas City;Kansas;334;746060;766550;151261;255070;271;KS;41723;4044;3541;531;795;984
212;Maple Grove;Minnesota;386;317800;366010;68381;76450;264;MN;23699;428;6867;68;372;446
213;Lynchburg;Virginia;287;386140;411980;79812;43640;248;VA;25368;338;4649;74;522;539
216;Yonkers;New York;380;965800;1045380;201118;612470;28;NY;37384;5004;304;697;555;857
218;Toms River;New Jersey;437;438640;438860;87750;68520;271;NJ;22364;463;8941;61;168;214
220;Cambridge;Massachusetts;315;554210;549810;110402;277570;206;MA;2470;2125;275;173;303;358
221;Spring Valley;Nevada;370;968080;971470;193955;610720;279;NV;35048;2331;8655;125;664;915
222;Wilmington;Delaware;364;326800;392770;71957;33360;245;DE;26703;1337;608;244;269;353
223;Edinburg;Texas;293;394220;450790;84501;165690;331;TX;24033;186;6437;72;219;305
225;Glendale;California;421;981810;1028440;201025;1115100;269;CA;2470;634;10729;215;633;735
226;Abilene;Texas;313;652120;606640;125876;81290;264;TX;21362;30;701;38;401;699
228;Bismarck;North Dakota;380;346750;355650;70240;20640;211;ND;21696;279;7296;37;104;133
229;Lawton;Oklahoma;311;510990;455600;96659;61230;2,72E+15;OK;28372;617;7224;33;617;712
230;Rockford;Illinois;363;710760;782700;149346;183230;252;IL;23699;668;3147;2;119;174
233;Redding;California;388;425300;490490;91579;51810;242;CA;20695;174;11158;25;474;701
235;Johnson City;Tennessee;382;310190;343500;65369;28780;218;TN;24033;364;4149;75;232;241
237;San Tan Valley;Arizona;313;404290;423680;82797;57570;344;AZ;22697;42;10872;58;669;1551
238;Provo;Utah;236;562310;590270;115258;109250;328;UT;30708;1868;6366;158;1085;1477
239;Deerfield Beach;Florida;414;371550;426140;79769;236420;246;FL;23699;865;7582;52;60;971
241;Alexandria;Virginia;366;749890;785220;153511;440300;22;VA;29707;4318;2468;3576;9247;10956
242;Portland;Maine;403;314800;353920;66872;92290;213;ME;27037;934;5007;328;526;656
243;East Los Angeles;California;326;604600;592060;119666;495750;375;CA;34714;2228;17023;894;2468;2908
244;Warren;Michigan;432;640630;712930;135356;188220;245;MI;29373;1037;3326;103;322;365
246;Auburn;Washington;371;368370;397430;76580;148420;273;WA;23365;167;9012;182;579;641
247;Kissimmee;Florida;367;332830;358690;69152;168790;301;FL;20695;159;9012;21;286;434
248;Grand Prairie;Texas;331;908110;969440;187755;448880;318;TX;4940;5621;2575;142;578;884
249;Chattanooga;Tennessee;366;836400;929570;176597;105990;24;TN;21362;127;8798;11;242;265
251;Ontario;California;310;850590;861410;171200;485570;352;CA;4673;1628;3233;1884;7091;7783
254;Visalia;California;326;636950;663990;130094;207790;311;CA;29707;823;11873;95;2031;2548
255;Clarksville;Tennessee;297;750290;741610;149190;82110;264;TN;22364;313;8369;53;194;212
256;Kennewick;Washington;320;384920;404110;78903;83760;278;WA;29039;518;4935;44;635;958
257;Pasadena;Texas;315;788270;749590;153786;380720;295;TX;34714;2228;17023;894;2468;2908
258;Saint George;Utah;373;387320;414750;80207;48240;281;UT;3705;356;9012;168;386;681
260;Davie;Florida;408;487540;521400;100894;265320;2,72E+15;FL;21696;214;9155;28;444;701
261;Clearwater;Florida;470;552250;577540;112979;176860;24;FL;20027;19;9155;21;185;534
262;Port Saint Lucie;Florida;421;840690;953410;179410;340030;291;FL;22364;27;9298;2;478;713
263;Pittsburg;California;345;333090;361180;69427;210430;315;CA;32711;2331;1055;626;703;752
265;Medford;Oregon;386;396060;401890;79795;61850;265;OR;30375;2228;447;25;439;76
266;North Richland Hills;Texas;399;352570;339480;69205;78540;264;TX;2470;1028;4649;26;243;412
267;Skokie;Illinois;434;313820;334370;64819;274240;278;IL;34046;3804;329;95;401;587
268;Missouri City;Texas;372;349320;368460;71778;185560;303;TX;35048;2331;8655;125;664;915
269;Miramar;Florida;366;661570;709580;137115;571790;341;FL;21362;257;8869;37;41;654
271;Union City;California;385;385990;359110;74510;327520;346;CA;2470;78;8798;148;672;1288
272;West Jordan;Utah;308;578980;540440;111942;114920;346;UT;41056;4524;9298;525;3896;4355
273;Evansville;Indiana;380;571980;604810;117679;31690;225;IN;22364;347;8082;17;218;252
275;The Woodlands;Texas;388;560830;630610;119144;211880;293;TX;27371;84;7796;9;737;913
276;Town 'n' Country;Florida;381;394100;395860;78996;221350;261;FL;20862;135;8798;37;237;524
278;Rochester Hills;Michigan;412;363560;370760;73432;137080;266;MI;27371;626;397;49;269;306
280;Suffolk;Virginia;382;430480;451130;88161;28290;2,72E+15;VA;23365;287;7153;95;742;833
281;Colorado Springs;Colorado;348;2255440;2310180;456562;353200;248;CO;17858;261;8369;6;18;208
283;Lewisville;Texas;316;527760;520320;104808;248650;278;TX;28038;1217;6294;45;39;579
286;Santa Maria;California;301;533200;517620;105082;391920;383;CA;26035;291;5436;194;1028;1485
290;Mount Pleasant;South Carolina;427;394290;418800;81309;47010;253;SC;24366;831;515;21;508;871
295;Schaumburg;Illinois;369;359710;398400;75811;246140;2,72E+15;IL;22697;518;6867;95;156;222
296;Manteca;California;353;370530;383970;75450;139420;325;CA;30375;90;19169;823;2803;3238
297;Birmingham;Alabama;356;1021220;1127890;214911;82580;221;AL;27371;1834;724;399;332;363
299;Aurora;Colorado;342;1778990;1809710;358870;658160;2,82E+16;CO;2470;1097;4721;17;194;27
300;Rockville;Maryland;381;312050;357930;66998;250470;26;MD;33712;2605;5436;301;898;999
301;Roswell;Georgia;388;486370;458590;94496;165010;27;GA;22697;201;6867;112;296;355
302;Knoxville;Tennessee;331;899780;953340;185312;102850;221;TN;2470;454;5579;203;426;442
303;San Marcos;California;354;452460;476880;92934;215580;313;CA;22364;416;7081;3;25;482
304;Vallejo;California;378;583790;628900;121269;305920;283;CA;22364;135;10157;67;634;992
305;San Francisco;California;383;4397520;4250640;864816;2971990;237;CA;23031;139;8798;101;532;1263
306;Muncie;Indiana;274;324460;372550;69701;10620;235;IN;22697;407;6151;127;18;20
309;Las Cruces;New Mexico;327;478350;538090;101644;118880;258;NM;21029;114;1030;67;1033;3198
311;Sioux City;Iowa;343;388270;439490;82776;74710;2,57E+16;IA;20695;167;7582;69;243;40
313;Ellicott City;Maryland;424;344060;365260;70932;175870;273;MD;38719;3564;2754;295;893;1206
317;Fontana;California;295;1006440;1068280;207472;614480;415;CA;42725;120;27752;1288;6202;6752
319;Waukegan;Illinois;323;455140;428330;88347;309970;292;IL;26703;1628;4792;62;257;37
320;Eugene;Oregon;334;790710;843770;163448;145030;234;OR;2470;608;3862;139;336;413
321;Hollywood;Florida;414;753580;743630;149721;551580;265;FL;2470;634;10729;215;633;735
324;Walnut Creek;California;476;319940;369120;68906;136240;222;CA;2470;823;9298;453;661;1151
326;San Mateo;California;393;509660;525580;103524;349570;264;CA;22697;257;8655;106;53;1151
327;Killeen;Texas;292;694420;713670;140809;157690;2,72E+15;TX;25034;544;7081;51;467;879
329;Mount Vernon;New York;385;318760;367450;68621;237770;285;NY;22697;364;7224;45;173;185
331;Akron;Ohio;381;968860;1006670;197553;100240;224;OH;33379;1868;177;128;42;571
336;Flagstaff;Arizona;239;332240;370930;70317;42620;255;AZ;16856;36;8726;17;39;64
338;Davenport;Iowa;352;501230;524540;102577;40650;239;IA;2470;848;5221;22;252;284
340;Wichita;Kansas;346;1923540;1976010;389955;402700;256;KS;2203;48;751;4;243;362
341;South Bend;Indiana;324;504830;532740;103757;87790;2,72E+15;IN;21195;30;658;68;135;16
342;Livonia;Michigan;474;453690;492640;94633;71750;252;MI;28372;951;3362;84;316;365
343;Bloomington;Minnesota;409;433180;431180;86436;107280;23;MN;21696;283;6938;65;124;142
347;Beaumont;Texas;316;573260;607840;118110;105160;247;TX;2470;291;12589;124;1008;1189
348;Phoenix;Arizona;338;7868330;7761680;1563001;3007020;289;AZ;25034;763;1502;334;1192;2026
351;Torrance;California;412;732090;752590;148468;430960;27;CA;32044;1679;1502;417;1664;2105
354;Loveland;Colorado;376;370420;381460;75188;30500;253;CO;23031;72;9584;146;443;512
355;Buena Park;California;357;415930;416710;83264;284300;355;CA;51403;5209;19455;2098;3815;4568
357;McKinney;Texas;356;773390;855480;162887;257600;291;TX;28038;1611;3684;22;24;396
358;Temecula;California;342;544070;576190;112026;188840;334;CA;30041;36;19169;483;2664;2994
361;New Bedford;Massachusetts;386;437930;511660;94959;190240;239;MA;24033;428;6509;94;351;636
362;Toledo;Ohio;361;1354550;1443230;279778;92570;229;OH;20862;83;8011;34;254;408
364;Avondale;Arizona;291;387120;419710;80683;83550;318;AZ;20695;133;12875;104;781;156
365;Brooklyn Park;Minnesota;351;378450;413050;79150;174900;285;MN;27704;1234;6008;133;485;587
367;Inglewood;California;349;529950;586610;111656;341710;312;CA;32044;1679;1502;417;1664;2105
370;Chicago;Illinois;342;13200150;14005410;2720556;5734630;253;IL;40722;5072;1484;221;551;772
371;Boca Raton;Florida;473;447600;484660;93226;211170;222;FL;23699;865;7582;52;60;971
373;Overland Park;Kansas;382;933550;931560;186511;214070;241;KS;29373;1851;6294;459;589;692
374;Oshkosh;Wisconsin;330;329050;336520;66557;23480;23;WI;26703;1457;2468;27;127;164
376;Fort Myers;Florida;373;368500;371650;74015;153650;245;FL;2203;146;9871;31;461;707
379;Pasadena;California;376;677120;745340;142246;407790;263;CA;34714;2228;17023;894;2468;2908
381;Indio;California;359;438030;437230;87526;225380;308;CA;22697;139;12732;82;899;1152
382;Farmington Hills;Michigan;421;375270;438050;81332;180330;241;MI;27704;66;3719;58;31;336
383;Baldwin Park;California;358;387470;383090;77056;343220;413;CA;48733;2913;31757;1836;6391;7223
384;Bellevue;Washington;374;707630;690510;139814;546540;243;WA;29373;1285;4113;31;428;61
385;Gary;Indiana;381;358760;414780;77354;18840;235;IN;26703;1868;608;387;295;461
386;Dayton;Ohio;328;666310;739660;140597;73810;226;OH;23699;583;5078;81;174;194
387;Laguna Niguel;California;458;301930;356190;65812;125710;258;CA;26703;754;13304;355;1263;1877
389;Syracuse;New York;303;694620;746900;144152;177330;239;NY;23365;201;1030;2241;5842;20262
391;Indianapolis;Indiana;341;4106150;4378080;848423;724560;253;IN;24033;84;6723;148;255;305
392;San Jose;California;365;5183170;5086020;1026919;4014930;313;CA;3171;1251;15307;453;2279;2794
393;Topeka;Kansas;371;608790;663780;127257;67110;232;KS;2203;583;515;227;193;293
394;Arvada;Colorado;410;548700;601650;115035;49210;249;CO;32377;2194;9584;28;973;1122
395;Chula Vista;California;346;1314850;1342690;265754;827100;332;CA;25702;497;14162;313;181;241
396;Omaha;Nebraska;342;2187890;2250980;443887;482630;247;NE;2470;805;6938;61;334;511
397;Lexington-Fayette  county;Kentucky;344;1540320;1604560;314488;286130;234;KY;23031;347;658;215;234;25
398;Yakima;Washington;340;451470;485530;93700;157170;274;WA;24033;458;5937;18;328;376
399;Wichita Falls;Texas;340;557750;489340;104709;98550;241;TX;30708;1611;5364;31;596;76
400;Huntsville;Alabama;381;917640;973500;189114;126910;218;AL;2203;234;751;54;216;244
402;Beaverton;Oregon;356;473250;492520;96577;189330;246;OR;;;;;;
405;Union City;New Jersey;354;353760;337730;69149;405530;285;NJ;2470;78;8798;148;672;1288
410;Framingham;Massachusetts;403;354420;357680;71210;190700;249;MA;;;;;;
411;Cape Coral;Florida;450;856260;896040;175230;241850;285;FL;;;;;;
412;Lee's Summit;Missouri;368;483530;467150;95068;38030;268;MO;;;;;;
413;Oklahoma City;Oklahoma;341;3092270;3220360;631263;801650;258;OK;;;;;;
414;McAllen;Texas;323;683320;719210;140253;376910;319;TX;;;;;;
416;Odessa;Texas;312;611190;578610;118980;158450;292;TX;;;;;;
418;Asheville;North Carolina;379;421000;464070;88507;66300;218;NC;;;;;;
420;Spokane;Washington;366;1027560;1105110;213267;132530;234;WA;;;;;;
422;Racine;Wisconsin;337;393140;384230;77737;44030;256;WI;;;;;;
424;Carrollton;Texas;369;669280;662180;133146;353270;278;TX;;;;;;
425;Lafayette;Louisiana;317;640180;636430;127661;53960;254;LA;;;;;;
426;Gresham;Oregon;367;538660;567160;110582;178600;267;OR;;;;;;
427;Norwalk;Connecticut;424;408800;476030;88483;223280;27;CT;25368;908;6008;11;274;337
430;Menifee;California;371;428660;442970;87163;124810;306;CA;;;;;;
431;Yorba Linda;California;455;319600;360060;67966;155320;30;CA;;;;;;
432;Livermore;California;367;415220;465950;88117;139590;291;CA;;;;;;
434;Saint Charles;Missouri;349;320540;367470;68801;52740;233;MO;;;;;;
436;Hesperia;California;294;435880;496980;93286;166670;352;CA;;;;;;
437;Baltimore;Maryland;347;2940270;3278220;621849;498570;251;MD;;;;;;
439;Whittier;California;361;443970;430390;87436;171450;311;CA;;;;;;
440;College Station;Texas;229;541250;537740;107899;161450;252;TX;;;;;;
441;Layton;Utah;295;377480;363940;74142;42680;324;UT;;;;;;
444;Roseville;California;384;625910;676910;130282;181610;2,72E+15;CA;;;;;;
448;Cleveland;Ohio;360;1864360;2016230;388059;188300;224;OH;;;;;;
450;Waco;Texas;293;634520;688900;132342;142350;2,57E+16;TX;;;;;;
451;Tempe;Arizona;288;913500;844760;175826;266200;244;AZ;;;;;;
452;Concord;North Carolina;357;427320;449610;87693;88470;2,72E+15;NC;2470;737;5078;119;279;342
453;Ames;Iowa;230;338140;312380;65052;86060;216;IA;;;;;;
454;Canton;Ohio;334;344760;374190;71895;22040;232;OH;;;;;;
455;Pittsburgh;Pennsylvania;329;1496900;1546950;304385;281870;213;PA;;;;;;
456;Rancho Cucamonga;California;345;881270;871050;175232;338780;318;CA;;;;;;
457;Fort Wayne;Indiana;347;1248150;1333290;258144;191460;245;IN;;;;;;
459;North Charleston;South Carolina;307;565490;553150;111864;87890;2,82E+16;SC;;;;;;
461;Riverview;Florida;322;442100;455360;89746;122400;322;FL;;;;;;
462;San Clemente;California;452;340760;314560;65532;81090;264;CA;;;;;;
463;Plantation;Florida;406;428810;496740;92555;279020;273;FL;;;;;;
464;Olathe;Kansas;330;650460;692700;134316;119130;2,97E+15;KS;;;;;;
472;Virginia Beach;Virginia;354;2226840;2300610;452745;383600;261;VA;;;;;;
475;Renton;Washington;363;527790;474680;100247;289620;2,57E+16;WA;;;;;;
476;Lawrence;Kansas;274;455920;483240;93916;87010;253;KS;;;;;;
477;Grand Rapids;Michigan;321;956690;994300;195099;191760;256;MI;;;;;;
479;Miami;Florida;404;2158400;2251490;440989;2607890;25;FL;;;;;;
480;Bethlehem;Pennsylvania;351;358610;385060;74367;62950;246;PA;;;;;;
482;Orlando;Florida;331;1309400;1399770;270917;505580;242;FL;;;;;;
485;Sacramento;California;337;2377240;2529910;490715;1125790;273;CA;;;;;;
486;Vancouver;Washington;372;829580;898950;172853;217480;249;WA;;;;;;
488;Washington;District of Columbia;338;3197050;3525230;672228;951170;224;DC;;;;;;
489;Rancho Cordova;California;338;348440;361820;71026;170200;286;CA;;;;;;
491;South Jordan;Utah;338;336690;329700;66639;61420;361;UT;;;;;;
493;Trenton;New Jersey;333;425810;416500;84231;204280;304;NJ;;;;;;
494;Pleasanton;California;413;366620;428570;79519;232080;287;CA;;;;;;
495;Southfield;Michigan;416;313690;418080;73177;40110;227;MI;;;;;;
496;San Angelo;Texas;328;496690;507440;100413;78590;25;TX;;;;;;
497;Denver;Colorado;341;3411370;3414080;682545;1132220;233;CO;;;;;;
501;Greeley;Colorado;310;507920;500910;100883;114800;275;CO;;;;;;
503;Tustin;California;334;395110;410520;80563;250340;327;CA;;;;;;
509;Shawnee;Kansas;401;323130;327450;65058;41360;264;KS;;;;;;
512;Somerville;Massachusetts;310;410280;393060;80334;222920;243;MA;;;;;;
514;Sparks;Nevada;361;477800;483180;96098;156900;263;NV;;;;;;
520;Rialto;California;316;499020;532350;103137;327410;383;CA;40054;771;30041;1097;6244;6851
521;Pomona;California;321;749450;783070;153252;538790;363;CA;;;;;;
524;Kenosha;Wisconsin;363;493490;505070;99856;74430;255;WI;;;;;;
527;Garden Grove;California;378;867790;886050;175384;806770;366;CA;;;;;;
530;Detroit;Michigan;348;3192650;3578590;677124;398610;26;MI;32044;1971;2253;23;401;488
531;Temple;Texas;336;335120;387850;72297;39680;259;TX;21696;356;9012;54;413;774
532;Mountain View;California;335;424930;379450;80438;318570;246;CA;22697;279;10157;127;767;1228
536;Scottsdale;Arizona;469;1157120;1211320;236844;272070;217;AZ;23699;531;15307;322;1123;1955
539;New Britain;Connecticut;334;373500;354590;72809;150800;252;CT;19193;2;903;2074;2856;2863
541;Kenner;Louisiana;369;339930;331130;67106;123520;2,57E+16;LA;;;;;;
542;Allen;Pennsylvania;335;606260;595810;120207;196520;267;PA;;;;;;
546;Gulfport;Mississippi;351;331080;387640;71872;30720;254;MS;;;;;;
547;Wilmington;North Carolina;355;523460;636010;115947;74010;224;NC;26703;1337;608;244;269;353
548;Centreville;Virginia;360;347490;370330;71782;277970;2,97E+15;VA;;;;;;
550;Escondido;California;333;765510;749070;151458;462980;327;CA;;;;;;
554;Fishers;Indiana;345;421610;439100;86071;61380;28;IN;;;;;;
555;Brandon;Florida;361;556790;582890;113968;163900;264;FL;;;;;;
560;Kendall;Florida;402;366580;398080;76466;311800;281;FL;;;;;;
561;Albany;New York;328;476270;508250;98452;119480;208;NY;28372;1491;447;124;404;45
566;Danbury;Connecticut;373;434350;412270;84662;256750;274;CT;;;;;;
570;Hemet;California;368;386220;452510;83873;133300;2,97E+15;CA;;;;;;
572;Thornton;Colorado;331;654820;679770;133459;179490;2,97E+15;CO;;;;;;
573;Columbia;South Carolina;280;676860;657070;133393;60740;232;SC;24033;266;608;95;439;463
574;Enterprise;Nevada;341;691460;663280;135474;311730;289;NV;;;;;;
577;Bk;California;370;504050;549090;105314;324350;252;CA;;;;;;
578;Houston;Texas;326;11496860;11489420;2298628;6962100;266;TX;;;;;;
579;Oceanside;California;394;874820;882320;175714;374920;2,72E+15;CA;;;;;;
580;Orange;California;350;673370;736580;140995;345500;314;CA;;;;;;
585;Carlsbad;California;421;551190;583470;113466;176890;268;CA;;;;;;
586;Silver Spring;Maryland;338;406010;418620;82463;309080;26;MD;;;;;;
588;Corpus Christi;Texas;350;1604880;1635940;324082;308340;269;TX;30041;1628;8726;483;888;1024
589;Montgomery;Alabama;354;945820;1060040;200586;93370;241;AL;24033;356;9441;224;613;678
592;Ogden;Utah;313;443230;411270;85450;127910;268;UT;;;;;;
593;Nashua;New Hampshire;383;429260;450490;87975;126930;246;NH;;;;;;
597;Lakeland;Florida;381;478400;565700;104410;115920;256;FL;;;;;;
607;Boynton Beach;Florida;458;337010;402710;73972;154310;245;FL;;;;;;
609;Murfreesboro;Tennessee;302;607040;654170;126121;89480;26;TN;;;;;;
614;Champaign;Illinois;287;433260;427600;86086;122610;225;IL;;;;;;
615;Pueblo;Colorado;376;556350;537840;109419;35780;244;CO;;;;;;
616;Sugar Land;Texas;421;438890;442400;88129;311690;295;TX;;;;;;
619;North Las Vegas;Nevada;322;1163500;1184430;234793;498150;331;NV;;;;;;
623;Fayetteville;Arkansas;271;419590;408730;82832;63130;228;AR;26703;908;4792;107;429;832
624;Irvine;California;346;1254110;1315160;256927;1163660;273;CA;;;;;;
625;Youngs;Ohio;375;307580;338510;64609;10580;222;OH;;;;;;
627;Modesto;California;352;1048520;1064050;211257;396130;2,97E+15;CA;;;;;;
629;Lake Charles;Louisiana;318;356780;403880;76066;32150;236;LA;;;;;;
630;Plymouth;Minnesota;384;390350;368930;75928;88300;246;MN;;;;;;
634;Santa Monica;California;406;467320;464870;93219;244480;20;CA;;;;;;
636;Bakersfield;California;306;1821540;1914730;373627;715750;323;CA;;;;;;
637;Cranston;Rhode Island;399;383650;427120;81077;106310;256;RI;;;;;;
641;Arlington;Texas;326;1910600;1970620;388122;792710;289;TX;42057;3324;4435;162;511;754
642;Lauderhill;Florida;357;328130;387610;71574;254710;302;FL;;;;;;
645;Green Bay;Wisconsin;329;525170;527040;105221;98130;237;WI;;;;;;
654;Lincoln;Nebraska;323;1385440;1388020;277346;229580;24;NE;;;;;;
655;Perris;California;269;416230;333360;74959;232770;478;CA;;;;;;
658;Meridian;Idaho;380;433530;474000;90753;81100;254;ID;;;;;;
659;Spring Hill;Florida;451;482950;549020;103197;78930;258;FL;;;;;;
666;Bend;Oregon;373;422940;447230;87017;30320;239;OR;;;;;;
667;Huntington Beach;California;416;999670;1019600;201927;353680;267;CA;;;;;;
680;Los Angeles;California;350;19589980;20128980;3971896;14854250;286;CA;;;;;;
683;San Juan;Puerto Rico;414;1554080;1868290;342237;;;PR;;;;;;
687;Simi Valley;California;390;632430;635230;126766;232600;313;CA;;;;;;
690;Roanoke;Virginia;369;472520;526450;99897;73460;235;VA;;;;;;
692;Hialeah;Florida;430;1115300;1255520;237082;1701480;331;FL;;;;;;
693;Lafayette;Indiana;335;343130;368570;71170;56970;219;IN;;;;;;
696;Palm Bay;Florida;407;517670;561280;107895;120700;2,82E+16;FL;;;;;;
701;Fort Worth;Texas;326;4141260;4228430;836969;1434040;288;TX;;;;;;
702;Bellingham;Washington;307;412860;438570;85143;87130;244;WA;;;;;;
710;Urban Honolulu;Hawaii;414;1768070;1759590;352766;1013120;269;HI;;;;;;
714;Independence;Missouri;386;543480;629070;117255;49110;233;MO;;;;;;
717;Peoria;Arizona;369;801390;911030;171242;142600;2,97E+15;AZ;27371;1371;4041;19;29;34
722;Fall River;Massachusetts;393;433140;454560;88770;147750;221;MA;;;;;;
724;Yuba City;California;345;336540;332900;66944;180320;29;CA;;;;;;
725;Tuscaloosa;Alabama;291;472930;510450;98338;47060;267;AL;;;;;;
727;Palatine;Illinois;380;365060;327630;69269;217600;269;IL;;;;;;
731;Napa;California;372;398280;406010;80429;184490;284;CA;;;;;;
736;Franklin;Tennessee;383;349910;376440;72635;68760;273;TN;;;;;;
738;Nampa;Idaho;314;456510;441990;89850;66070;298;ID;;;;;;
744;Cheektowaga;New York;407;374760;385990;76075;35320;23;NY;;;;;;
746;Plano;Texas;381;1385650;1450540;283619;740300;265;TX;;;;;;
748;Merced;California;297;400480;423920;82440;163480;315;CA;;;;;;
750;Salem;Oregon;354;808390;837040;164543;196680;269;OR;;;;;;
754;Lowell;Massachusetts;334;544220;562980;110720;334140;28;MA;;;;;;
756;Glen Burnie;Maryland;365;333980;364610;69859;69710;258;MD;;;;;;
759;Clifton;New Jersey;385;419320;444090;86341;279790;311;NJ;;;;;;
765;Dale City;Virginia;334;359840;354150;71399;223060;365;VA;;;;;;
768;Fort Collins;Colorado;296;808930;802880;161181;97040;245;CO;;;;;;
773;Hayward;California;343;781520;801480;158300;609700;332;CA;;;;;;
776;Woodbury;Minnesota;377;319820;358680;67850;94770;2,72E+15;MN;;;;;;
778;Dearborn;Michigan;335;464820;486980;95180;239200;304;MI;;;;;;
779;Ann Arbor;Michigan;281;587890;582810;117070;207170;217;MI;;;;;;
781;Bayamón;Puerto Rico;394;801280;901310;170259;;;PR;;;;;;
784;Hammond;Indiana;360;389230;386870;77610;92240;261;IN;;;;;;
788;Bossier City;Louisiana;327;334280;346690;68097;29800;24;LA;;;;;;
789;Salinas;California;304;777650;796210;157386;586930;3,72E+15;CA;;;;;;
796;New York;New York;360;40816980;44687070;8550405;32125000;268;NY;;;;;;
801;Eau Claire;Wisconsin;320;323270;351060;67433;28330;24;WI;;;;;;
804;Sterling Heights;Michigan;396;649850;670770;132062;343130;266;MI;;;;;;
814;Miami Beach;Florida;425;480900;442210;92311;499080;21;FL;;;;;;
820;Victoria;Texas;358;322900;352910;67581;44800;27;TX;;;;;;
821;Des Moines;Iowa;345;1037260;1065910;210317;238570;241;IA;;;;;;
824;Bolingbrook;Illinois;337;362950;358010;72096;152120;342;IL;;;;;;
826;Bloomington;Indiana;235;405880;432270;83815;100330;233;IN;21696;283;6938;65;124;142
829;The Villages;Florida;705;;;72590;40340;;FL;;;;;;
830;Oxnard;California;310;1019060;1053460;207252;786780;408;CA;;;;;;
831;West Valley City;Utah;307;682350;679890;136224;307120;381;UT;;;;;;
832;Appleton;Wisconsin;356;372170;380380;75255;44540;249;WI;;;;;;
833;Gastonia;North Carolina;369;355270;390230;74550;57150;267;NC;;;;;;
837;Deltona;Florida;399;448530;436210;88474;70980;289;FL;;;;;;
844;Greenville;North Carolina;262;398970;506910;90588;41830;24;NC;;;;;;
846;Salt Lake City;Utah;321;983640;942960;192660;321660;238;UT;;;;;;
847;Westminster;California;429;455380;465730;92111;422270;327;CA;26035;305;53;823;525;592
852;Bayonne;New Jersey;397;327050;335980;66303;218990;262;NJ;;;;;;
853;Homestead;Florida;314;314010;350990;66500;244080;348;FL;;;;;;
854;Jackson;Tennessee;353;300070;369730;66980;20970;252;TN;23031;446;9084;159;441;573
859;Camarillo;California;408;319410;356820;67623;97350;277;CA;;;;;;
866;Santa Fe;New Mexico;441;406010;435110;84112;138240;241;NM;;;;;;
867;Little Rock;Arkansas;366;969970;1009890;197986;166400;236;AR;;;;;;
873;Boston;Massachusetts;318;3221490;3473200;669469;1901230;238;MA;;;;;;
875;Lynn;Massachusetts;348;445980;478610;92459;298990;281;MA;;;;;;
876;Tallahassee;Florida;262;893900;1005040;189894;167200;238;FL;;;;;;
880;San Antonio;Texas;331;7214050;7484190;1469824;2080460;293;TX;;;;;;
883;Winston-Salem;North Carolina;347;1125200;1287120;241232;243020;247;NC;;;;;;
884;Rock Hill;South Carolina;345;333240;382430;71567;24130;229;SC;;;;;;
887;Dallas;Texas;326;6390190;6610630;1300082;3268250;259;TX;;;;;;
894;Cary;North Carolina;399;789320;815820;160514;300080;261;NC;;;;;;
896;Parma;Ohio;408;384250;415180;79943;69090;242;OH;;;;;;
902;Carmel;Indiana;399;429280;461010;89029;96450;271;IN;;;;;;
907;Saint Cloud;Minnesota;307;343110;339420;68253;57570;241;MN;;;;;;
908;Delray Beach;Florida;479;322190;340420;66261;166390;235;FL;;;;;;
914;West Palm Beach;Florida;396;492620;575200;106782;306750;253;FL;;;;;;
916;Clovis;California;378;523920;517800;104172;134090;276;CA;;;;;;
917;Seattle;Washington;355;3456590;3387840;684443;1198400;213;WA;;;;;;
927;El Paso;Texas;331;3327970;3483390;681136;1597090;303;TX;;;;;;
936;Arlington Heights;Illinois;459;376270;393690;76996;146300;238;IL;;;;;;
938;New Rochelle;New York;406;388710;409670;79838;269600;285;NY;;;;;;
944;Saint Joseph;Missouri;357;376880;384080;76096;37550;258;MO;;;;;;
947;Surprise;Arizona;394;628750;655670;128442;99290;29;AZ;;;;;;
950;Flower Mound;Texas;402;352000;358240;71024;68600;301;TX;30708;1902;3934;49;377;492
952;Bloomington;Illinois;351;379720;403230;78295;72870;234;IL;21696;283;6938;65;124;142
953;Florence-Graham;California;302;341860;321730;66359;286960;457;CA;;;;;;
957;Newport News;Virginia;328;883850;940000;182385;125890;246;VA;;;;;;
995;Elgin;Illinois;357;548520;562240;111076;301670;2,97E+15;IL;;;;;;
999;Bridgeport;Connecticut;341;715090;761100;147619;444750;286;CT;25702;1011;5865;109;272;345
1001;Tracy;California;355;431560;439370;87093;254100;342;CA;37718;763;25749;662;5444;6218
1006;Orem;Utah;261;486950;457620;94457;128080;326;UT;;;;;;
1009;Stamford;Connecticut;354;649410;639360;128877;440030;27;CT;;;;;;
1025;Warner Robins;Georgia;314;350930;389090;74002;32100;25;GA;;;;;;
1028;Allen;Texas;372;513240;468140;98138;196490;304;TX;;;;;;
1037;Sunrise;Florida;377;414710;512350;92706;382090;298;FL;;;;;;
1040;Pharr;Texas;269;352420;412930;76535;255320;367;TX;;;;;;
1050;Milpitas;California;368;400980;375190;77617;394360;332;CA;;;;;;
1061;Passaic;New Jersey;304;365050;345770;71082;241740;356;NJ;;;;;;
1062;Lawrence;Massachusetts;308;374640;427760;80240;291700;317;MA;;;;;;
1063;East Orange;New Jersey;355;299950;349670;64962;151640;285;NJ;;;;;;
1065;Alameda;California;414;377470;408670;78614;188410;252;CA;;;;;;
1073;South Gate;California;325;477580;486410;96399;405710;3,97E+15;CA;32044;1679;1502;417;1664;2105
1075;Rochester;Minnesota;350;549340;572820;112216;177630;255;MN;34714;2296;2861;69;888;1031
1076;San Ramon;California;391;392210;369110;76132;296910;309;CA;20862;86;7939;18;101;136
1085;Durham;North Carolina;332;1211530;1364450;257598;386420;24;NC;;;;;;
1086;League City;Texas;359;493540;489960;98350;83610;2,72E+15;TX;;;;;;
1090;Folsom;California;409;410510;353170;76368;132340;262;CA;;;;;;
1100;Alafaya;Florida;335;395040;457600;85264;158420;294;FL;;;;;;
1107;Richardson;Texas;355;546760;561510;110827;295790;283;TX;;;;;;
1111;Aurora;Illinois;317;1019640;1017510;203715;509800;33;IL;2470;1097;4721;17;194;27
1124;Palmdale;California;326;763610;819890;158350;419740;354;CA;;;;;;
1128;Riverside;California;314;1606130;1618100;322423;695840;334;CA;;;;;;
1133;Gaithersburg;Maryland;357;322110;352340;67445;281330;273;MD;;;;;;
1150;Highlands Ranch;Colorado;396;491860;532810;102467;88270;2,72E+15;CO;;;;;;
1161;Albuquerque;New Mexico;360;2733230;2858080;559131;582000;249;NM;;;;;;
1165;Jacksonville;North Carolina;242;400150;273480;67363;37320;251;NC;20695;165;7939;19;141;173
1166;El Monte;California;373;579610;587840;116745;596550;367;CA;;;;;;
1172;Santa Clarita;California;381;901920;921750;182367;406660;302;CA;;;;;;
1174;Memphis;Tennessee;341;3122370;3435230;655760;433180;255;TN;;;;;;
1178;Hillsboro;Oregon;353;509260;514340;102360;195310;268;OR;24366;51;608;174;422;507
1180;Vista;California;293;506800;502040;100884;232710;352;CA;32377;531;2203;751;3467;4174
1183;Las Vegas;Nevada;375;3105680;3132010;623769;1276090;279;NV;;;;;;
1184;Turlock;California;362;331900;391030;72293;146860;276;CA;;;;;;
1186;Pawtucket;Rhode Island;392;360720;355110;71583;178840;241;RI;;;;;;
1193;Chico;California;299;461680;441680;90336;84250;25;CA;;;;;;
1209;Naperville;Illinois;385;713650;757940;147159;303990;276;IL;;;;;;
1220;Yuma;Arizona;334;482980;458470;94145;193260;264;AZ;;;;;;
1223;Lancaster;California;309;806680;804450;161113;172470;325;CA;;;;;;
1227;Goodyear;Arizona;386;367110;422920;79003;117740;2,97E+15;AZ;;;;;;
1235;Lakewood;California;399;415230;400690;81592;182740;313;CA;3438;281;8011;301;796;1007
1241;Nashville;Tennessee;341;3142310;3403650;654596;881930;239;TN;;;;;;
1247;Caguas;Puerto Rico;404;347430;422650;77008;;;PR;;;;;;
1265;Louisville/Jefferson County metro government;Kentucky;375;2984510;3169380;615389;378750;245;KY;;;;;;
1279;Federal Way;Washington;364;491510;460370;95188;185650;268;WA;;;;;;
1284;Downey;California;373;530060;612050;114211;399770;345;CA;;;;;;
1295;Irving;Texas;323;1171890;1194280;236617;867560;278;TX;;;;;;
1297;Manchester;New Hampshire;373;548450;553780;110223;145060;24;NH;23365;424;5364;119;174;192
1303;Waukesha;Wisconsin;358;362630;357130;71976;49820;235;WI;;;;;;
1333;Weston;Florida;386;329560;369910;69947;308760;334;FL;23031;416;5078;151;432;629
1354;Palo Alto;California;402;314510;353970;66848;233480;255;CA;;;;;;
1378;Stockton;California;325;1509760;1546740;305650;795830;316;CA;;;;;;
1387;Austin;Texas;327;4757180;4561220;931840;1816860;25;TX;;;;;;
1400;Broomfield;Colorado;368;317550;333100;65065;53160;253;CO;;;;;;
1449;Philadelphia;Pennsylvania;341;7412700;8261720;1567442;2053390;261;PA;;;;;;
1459;Columbus;Ohio;325;4139810;4350860;849067;1011290;24;OH;26035;882;397;11;191;20
1464;Reading;Pennsylvania;294;436680;442050;87873;170430;295;PA;;;;;;
1483;Mission Viejo;California;449;488490;483140;97163;173080;285;CA;;;;;;
1491;New Orleans;Louisiana;359;1857360;2038810;389617;216790;241;LA;;;;;;
1492;Reno;Nevada;357;1222920;1191510;241443;370700;246;NV;;;;;;
1516;Greensboro;North Carolina;355;1322510;1530930;285344;266670;236;NC;;;;;;
1521;Saint Paul;Minnesota;315;1495470;1512930;300840;565140;258;MN;;;;;;
1539;Thousand Oaks;California;448;651130;642160;129329;253300;279;CA;;;;;;
1555;Duluth;Minnesota;347;412710;448550;86126;22580;225;MN;;;;;;
1572;Carolina;Puerto Rico;420;647580;773080;142066;;;PR;;;;;;
1588;Kent;Washington;334;618250;651370;126962;381750;306;WA;;;;;;
1609;Melbourne;Florida;434;391800;409560;80136;96850;237;FL;;;;;;
1612;Minneapolis;Minnesota;324;2065470;2043880;410935;707690;226;MN;;;;;;
1617;San Buenaventura;California;377;539320;557850;109717;180250;268;CA;;;;;;
1653;Harlingen;Texas;301;324040;333650;65769;103910;30;TX;;;;;;
1659;San Leandro;California;418;430320;476790;90711;342930;279;CA;;;;;;
1665;Tyler;Texas;339;504220;532830;103705;82250;259;TX;;;;;;
1717;Lynwood;California;294;356340;363710;72005;280610;443;CA;;;;;;
1782;Gainesville;Florida;260;608030;693300;130133;152720;233;FL;;;;;;
1865;Miami Gardens;Florida;349;507190;624800;113199;333940;375;FL;;;;;;
1877;Chino Hills;California;419;396390;386740;78313;247640;305;CA;;;;;;
1939;Bellflower;California;334;389360;394980;78434;246070;358;CA;;;;;;
2065;Camden;New Jersey;279;364370;396940;76131;113170;30;NJ;32377;281;3934;519;414;499
2256;Guaynabo;Puerto Rico;422;330660;374260;70492;;;PR;;;;;;
2668;Ponce;Puerto Rico;405;569680;646150;121583;;;PR;;;;;;
